quadweek,year_week,basket,CountProduct_W,StockQty_W,Stock$_W,AvgAgeStock,PurchaseQty,Purchase$,AvgListPrice,SoldQty,SoldQty_In,SoldQty_Out,SoldQty_OutByCondition,SoldQty_OutByMinPrice,SoldQty_none,SoldToStock_W,SoldToStock_W_In,SoldToStock_W_Out,SoldToStock_W_OutByCondition,SoldToStock_W_OutByMinPrice,SoldToStock_W_none,AvgSalesPeriod,AvgSalesPeriod_In,AvgSalesPeriod_Out,AvgSalesPeriod_OutByCondition,AvgSalesPeriod_OutByMinPrice,AvgSalesPeriod_none,Revenue,Revenue_In,Revenue_Out,Revenue_OutByCondition,Revenue_OutByMinPrice,Revenue_none,AvgSalePrice,AvgSalePrice_In,AvgSalePrice_Out,AvgSalePrice_OutByCondition,AvgSalePrice_OutByMinPrice,AvgSalePrice_none,Recap,Recap_In,Recap_Out,Recap_OutByCondition,Recap_OutByMinPrice,Recap_none,RecapPerStockQty_W,RecapPerStockQty_W_In,RecapPerStockQty_W_Out,RecapPerStockQty_W_OutByCondition,RecapPerStockQty_W_OutByMinPrice,RecapPerStockQty_W_none,RecapPerStock$_W,RecapPerStock$_W_In,RecapPerStock$_W_Out,RecapPerStock$_W_OutByCondition,RecapPerStock$_W_OutByMinPrice,RecapPerStock$_W_none,Margin,Margin_In,Margin_Out,Margin_OutByCondition,Margin_OutByMinPrice,Margin_none,MarginUnit,MarginUnit_In,MarginUnit_Out,MarginUnit_OutByCondition,MarginUnit_OutByMinPrice,MarginUnit_none,RecapUnit,RecapUnit_In,RecapUnit_Out,RecapUnit_OutByCondition,RecapUnit_OutByMinPrice,RecapUnit_none,Avg_Basket_IRR,Avg_Basket_Velocity,Avg_Basket_Margin,Avg_IRR,Avg_Margin,Avg_SaleDuration,FDR
16,2026-12,1111,21,2912.25,68582.837,312.518882,31,768.62,30.40374109,33,11,,,22,,1.13%,0.38%,,,0.007554297,,457.9393939,300.2727091,,,536.7727364,,1071.66,503.22,,,568.44,,32.47454545,45.74727273,,,25.83818182,,232.02,159.22,,,72.8,,0.079670358,0.054672504,,,0.024997854,,0.003,0.002321572,,,0.00106149,,-539.52,-103.24,,,-436.28,,-16.34909091,-9.385454545,,,-19.83090909,,7.030909091,14.47454545,,,3.309090909,,1,1,1,-0.923142919,-18.17392738,1197.24256,78.53%
16,2026-12,1112,52,3581,83868.589,286.6608056,58,1487.44,31.55502932,92,28,,,64,,2.57%,0.78%,,,0.017872103,,250.4565196,347.2499893,,,208.1093766,,2931.9,999.28,,,1932.62,,31.86847826,35.68857143,,,30.1971875,,831.92,238.92,,,593,,0.232314996,0.066718794,,,0.165596202,,0.010,0.002848742,,,0.007070585,,-1351.98,-464.85,,,-887.13,,-14.69543478,-16.60178571,,,-13.86140625,,9.042608696,8.532857143,,,9.265625,,1,1,1,-0.88115468,-16.83284278,949.5526145,72.94%
16,2026-12,1113,466,9979.25,231811.687,315.6085302,149,3701.74,35.45593181,310,203,16,,87,4,3.11%,2.03%,0.001603327,,0.00871809,0.000400832,217.5870955,220.1379286,346.5625,,184.5632195,290.5,11065.73,7308.25,615.64,,2986.44,155.4,35.69590323,36.00123153,38.4775,,34.32689655,38.85,3917.24,2739.08,276.54,,858.94,42.68,0.392538517,0.274477541,0.027711501,,0.086072601,0.004276875,0.017,0.01181597,0.001192951,,0.003705335,0.000184115,-3411.18,-2089.81,-100.49,,-1171.82,-49.06,-11.00380645,-10.29463054,-6.280625,,-13.4691954,-12.265,12.63625806,13.49300493,17.28375,,9.872873563,10.67,1,1,1,-0.864120653,-12.90070296,1204.635082,76.54%
16,2026-12,1114,2084,7627,177582.017,313.4183886,102,2636.29,36.88348217,233,139,28,,66,,3.05%,1.82%,0.003671168,,0.008653468,,218.317597,211.6043158,263.2857143,,213.3787909,,9004.49,5581.61,1089.4,,2333.48,,38.64587983,40.15546763,38.90714286,,35.35575758,,3914.5,2445.11,468.05,,1001.34,,0.513242428,0.320586076,0.06136751,,0.131288842,,0.022,0.013768905,0.002635684,,0.005638747,,-1721.49,-901.12,-252.03,,-568.34,,-7.388369099,-6.482877698,-9.001071429,,-8.611212121,,16.80042918,17.59071942,16.71607143,,15.17181818,,1,1,1,-0.827480771,-9.184531998,1082.112441,76.63%
Total,,,65800.6,129348.5031,3146113.603,147.198948,139906,3515409.65,86.04358991,113839,76562,17186,7866,5587,6638,88.01%,59.19%,0.132865859,0.060812455,0.043193387,0.051318723,50.34833413,42.85308649,65.45490528,71.42918876,102.8263823,28.5364572,9196073.51,5884674.3,1722790.44,804198.37,222370.28,562040.12,80.7813975,76.86155403,100.2438287,102.2372705,39.80137462,84.67009943,5532013.39,3483679.85,1087096.45,525186.91,97245.3,338804.88,42.76828303,26.93250998,8.404399154,4.060247296,0.751808468,2.619318136,1.758,1.107296267,0.345536299,0.16693196,0.030909659,0.10768997,2627516.66,1534086.45,649256.03,316199.06,-40658.73,168633.85,23.08098859,20.03717837,37.7781933,40.19820239,-7.277381421,25.40431606,48.59506312,45.50142172,63.25476842,66.76670608,17.40563809,51.04020488,2.675708575,2.268979207,2.944291359,0.228250829,13.70989382,416.8117784,60.47%
,,,,,,,,,,,,,,,,,,,,,,,,,,,,,,,,,,,,,,,,,,,,,,,,,,,,,,,,,,,,,,,,,,,,,,,,,,,,,,,,,,
"Applied filters:
StockQty_W is greater than 0
Dimensions is quadweek, year_week, or basket
Included (4) ?16-> (16 Mar-12 Apr) (quadweek_n), ?17-> (13 Apr-10 May) (quadweek_n), ?18-> (11 May-31 May) (quadweek_n) + 2026-20 (11 May-17 May) ? 18 (week), ?18-> (11 May-31 May) (quadweek_n) + 2026-21 (18 May-24 May) ? 18 (week)
condition is used or driven_once
grade is A
basket is not blank",,,,,,,,,,,,,,,,,,,,,,,,,,,,,,,,,,,,,,,,,,,,,,,,,,,,,,,,,,,,,,,,,,,,,,,,,,,,,,,,,,
